employee_person_id,start_datetime,end_datetime,notes,project
16080218,"2019-10-20 00:00:00","2019-10-20 08:00:00",,3d
16360907,"2019-10-20 00:00:00","2019-10-20 08:00:00",,2d
16360907,"2019-10-21 00:00:00","2019-10-21 08:00:00","Promoted to Guru",1d
16360907,"2019-11-06 00:00:00","2019-11-06 08:00:00",,1d
16371211,"2019-10-20 00:00:00","2019-10-20 08:00:00",,3d
16541020,"2019-10-20 00:00:00","2019-10-20 08:00:00",,2d
16710222,"2019-10-20 00:00:00","2019-10-20 08:00:00",,1d
16740420,"2019-10-20 00:00:00","2019-10-20 08:00:00",,3d
16810619,"2019-10-20 00:00:00","2019-10-20 08:00:00",,2d
